{
  "timestamp": "2026-01-22T01:02:25.057Z",
  "criticalPath": {
    "uncompressed": 232257,
    "gzip": 40187,
    "brotli": 34159
  },
  "totalBundles": {
    "js": 2738924,
    "css": 177099
  },
  "budgets": {
    "criticalPath": 51200,
    "totalJS": 204800,
    "totalCSS": 51200,
    "image": 102400,
    "font": 51200
  },
  "recommendations": [
    {
      "type": "success",
      "message": "Critical path within budget: 39.2KB ≤ 50KB"
    },
    {
      "type": "warning",
      "message": "Total JS is large: 2.6MB",
      "suggestion": "Analyze bundle composition and remove unused dependencies"
    },
    {
      "type": "success",
      "message": "Estimated compression: 82.7% size reduction with gzip"
    }
  ],
  "scores": {
    "performance": "🟢 Excellent"
  },
  "loadTimes": {
    "Slow 3G": {
      "gzip": 0.8037399999999999,
      "uncompressed": 4.6451400000000005
    },
    "Fast 3G": {
      "gzip": 0.20093499999999997,
      "uncompressed": 1.1612850000000001
    },
    "4G": {
      "gzip": 0.035721777777777776,
      "uncompressed": 0.20645066666666667
    },
    "Cable": {
      "gzip": 0.012859839999999999,
      "uncompressed": 0.07432224
    },
    "Fiber": {
      "gzip": 0.0032149599999999998,
      "uncompressed": 0.01858056
    }
  }
}
